No.,Restaurant Name,Link
1,Manna Food Corner,https://www.zomato.com/kunnamkulam/manna-food-corner-kunnamkulam-locality
1,FOOD MAGIC RESTAURENT,https://www.zomato.com/kunnamkulam/food-magic-restaurent-kunnamkulam-locality
1,Burger Cafe,https://www.zomato.com/kunnamkulam/burger-cafe-kunnamkulam-locality
1,Taste Mantra,https://www.zomato.com/kunnamkulam/taste-mantra-kunnamkulam-locality
1,Hotel Konark,https://www.zomato.com/kunnamkulam/hotel-konark-kunnamkulam-locality
1,CAFE TI -AMO,https://www.zomato.com/kunnamkulam/cafe-ti-amo-kunnamkulam-locality
1,NFC new fried chicken,https://www.zomato.com/kunnamkulam/nfc-new-fried-chicken-kunnamkulam-locality
1,Seiko Hotel,https://www.zomato.com/kunnamkulam/seiko-hotel-1-kunnamkulam-locality
1,SWATHY FOODS,https://www.zomato.com/kunnamkulam/swathy-foods-kunnamkulam-locality
1,FOOD MAGIC,https://www.zomato.com/kunnamkulam/food-magic-kunnamkulam-locality
1,Minnus Family Restaurant,https://www.zomato.com/kunnamkulam/minnus-family-restaurant-3-kunnamkulam-locality
1,Komala Bakery,https://www.zomato.com/kunnamkulam/komala-bakery-kunnamkulam-locality
1,Salmas Family Restaurant,https://www.zomato.com/kunnamkulam/salmas-family-restaurant-kunnamkulam-locality
1,Komala Bakery And Hotel,https://www.zomato.com/kunnamkulam/komala-bakery-and-hotel-kunnamkulam-locality
1,Srishti Dum House- THE BIRIYANI HUT,https://www.zomato.com/kunnamkulam/srishti-dum-house-the-biriyani-hut-kunnamkulam-locality
2,komala bakery and dosa world,https://www.zomato.com/kunnamkulam/komala-bakery-and-dosa-world-kunnamkulam-locality
2,Mango Bakers,https://www.zomato.com/kunnamkulam/mango-bakers-kunnamkulam-locality
2,malabar junction cafe and restaurant,https://www.zomato.com/kunnamkulam/malabar-junction-cafe-and-restaurant-kunnamkulam-locality
2,PVC BAKERS,https://www.zomato.com/kunnamkulam/pvc-bakers-kunnamkulam-locality
2,berry fresh cafe and cool bar,https://www.zomato.com/kunnamkulam/berry-fresh-cafe-and-cool-bar-kunnamkulam-locality
2,burger spice,https://www.zomato.com/kunnamkulam/burger-spice-kunnamkulam-locality
2,KR Grand Residency,https://www.zomato.com/kunnamkulam/kr-grand-residency-kunnamkulam-locality
2,vasudev agencies,https://www.zomato.com/kunnamkulam/vasudev-agencies-kunnamkulam-locality
2,hotel victory international,https://www.zomato.com/kunnamkulam/hotel-victory-international-kunnamkulam-locality
